sample;ploidy;run1;run2;run3;run4;run5;average;recommended_ploidy;bayes_factor_between_1stand2nd;evidence
b_TNB8_064;3;-8154.256;-8225.763;-8115.456;-8166.871;-8132.831;-8165.158;3;NA;Cannot_compare
c_MDKH2_074;3;-8252.052;-8184.274;-8188.128;-8292.19;-8334.473;-8208.151;3;NA;Cannot_compare
c_MDKH8_075;1;-8248.819;-8181.523;-8187.344;-8155.123;-8234.294;-8205.895;3;35.780;Strong
c_MDKH8_075;2;-8094.627;-8063.069;-8171.295;-8042.637;-8108.326;-8109.664;3;35.780;Strong
c_MDKH8_075;3;-8097.775;-8076.925;-8046.952;-8077.152;-8208.834;-8073.884;3;35.780;Strong
c_PJS1_180;3;-8232.328;-8467.631;-8342.999;-8229.858;-8271.977;-8347.653;3;NA;Cannot_compare
c_PJS2_181;3;-8221.651;-8221.744;-8334.057;-8219.478;-8248.28;-8259.151;3;NA;Cannot_compare
c_RHSK1_182;2;-8168.095;-8078.269;-8126.641;-8254.668;-8094.657;-8124.335;2;25.111;Strong
c_RHSK1_182;3;-8162.855;-8185.369;-8100.113;-8091.62;-8154.733;-8149.446;2;25.111;Strong
deg_UMA1_111;2;-8054.255;-8098.025;-8077.569;-8053.253;-8062.894;-8076.616;2;NA;Cannot_compare
e_OLS17_013;3;-8176.204;-8185.186;-8325.474;-8206.076;-8243.358;-8228.955;3;NA;Cannot_compare
e_OLS3_126;3;-8187.457;-8078.544;-8154.195;-8375.299;-8189.394;-8140.065;3;NA;Cannot_compare
las_PLSK1_168;2;-8651.769;-8611.403;-8657.202;-8825.767;-8605.988;-8640.125;2;NA;Cannot_compare
lyc_OLS1_183;1;-8310.344;-8045.981;-8176.658;-8049.467;-8053.753;-8177.661;2;87.880;Strong
lyc_OLS1_183;2;-8183.47;-8043.254;-8042.619;-8066.502;-8080.762;-8089.781;2;87.880;Strong
n_BDJKH2_105;1;-8289.213;-8037.379;-8237.595;-8044.242;-8038.911;-8188.062;3;11.322;Positive
n_BDJKH2_105;2;-8156.884;-8073.449;-8044.482;-8038.186;-8192.328;-8091.605;3;11.322;Positive
n_BDJKH2_105;3;-8041.369;-8081.969;-8117.512;-8106.047;-8056.086;-8080.283;3;11.322;Positive
n_BDJKH2_105;4;-8112.483;-8284.098;-8106.4;-8052.521;-8101.809;-8167.660;3;11.322;Positive
n_BDJKH5_166;2;-8095.604;-8079.039;-8127.037;-8078.556;-8113.204;-8100.560;2;9.347;Positive
n_BDJKH5_166;3;-8117.364;-8108.404;-8103.952;-8164.609;-8118.5;-8109.907;2;9.347;Positive
n_BDJKH5_166;4;-8167.006;-8110.953;-8135.467;-8226.16;-8128.825;-8137.809;2;9.347;Positive
n_BDJKH8_106;2;-8148.105;-8186.802;-8089.026;-8083.125;-8095.227;-8141.311;4;13.032;Positive
n_BDJKH8_106;3;-8121.521;-8087.252;-8286.392;-8108.369;-8124.241;-8165.055;4;13.032;Positive
n_BDJKH8_106;4;-8167.164;-8106.643;-8111.029;-8198.162;-8102.058;-8128.279;4;13.032;Positive
n_BDZKH2_023;2;-8097.497;-8129.931;-8097.819;-8144.77;-8211.895;-8108.416;2;43.309;Strong
n_BDZKH2_023;3;-8185.062;-8135.791;-8134.322;-8120.032;-8108.739;-8151.725;2;43.309;Strong
n_BDZKH2_023;4;-8344.462;-8154.026;-8093.334;-8095.78;-8115.075;-8197.274;2;43.309;Strong
n_BDZKH5_128;3;-8099.119;-8260.464;-8268.637;-8139.321;-8315.393;-8209.407;4;24.794;Strong
n_BDZKH5_128;4;-8124.271;-8280.564;-8149.002;-8172.722;-8106.569;-8184.612;4;24.794;Strong
n_BDZKH8_024;2;-8208.276;-8131.197;-8125.339;-8075.638;-8144.845;-8154.937;3;1.113;Not_worth_more_than_a_bare_mention
n_BDZKH8_024;3;-8165.905;-8150.288;-8106.258;-8080.697;-8173.15;-8140.817;3;1.113;Not_worth_more_than_a_bare_mention
n_BDZKH8_024;4;-8158.318;-8177.267;-8090.204;-8077.082;-8077.818;-8141.930;3;1.113;Not_worth_more_than_a_bare_mention
n_BHA1_067;2;-8114.57;-8152.536;-8136.394;-8080.956;-8260.445;-8134.500;4;7.716;Positive
n_BHA1_067;3;-8087.055;-8093.542;-8090.545;-8147.453;-8138.716;-8090.381;4;7.716;Positive
n_BHA1_067;4;-8087.828;-8079.468;-8080.698;-8235.589;-8131.784;-8082.665;4;7.716;Positive
n_BHD3_145;2;-8071.998;-8080.843;-8235.003;-8084.837;-8052.166;-8129.281;4;11.045;Positive
n_BHD3_145;3;-8319.885;-8242.281;-8092.048;-8063.875;-8313.89;-8218.071;4;11.045;Positive
n_BHD3_145;4;-8180.85;-8120.948;-8052.91;-8073.215;-8052.749;-8118.236;4;11.045;Positive
n_BKO22_138;2;-8123.18;-8060.853;-8061.49;-8173.64;-8076.145;-8081.841;4;9.940;Positive
n_BKO22_138;3;-8061.176;-8106.21;-8072.215;-8082.66;-8134.88;-8079.867;4;9.940;Positive
n_BKO22_138;4;-8063.569;-8075.102;-8071.109;-8103.612;-8105.004;-8069.927;4;9.940;Positive
n_BKO28_137;3;-999999.99;-999999.99;-999999.99;-999999.99;-999999.99;NA;NA;NA;Failed
n_BKO28_137;4;-999999.99;-999999.99;-999999.99;-999999.99;-999999.99;NA;NA;NA;Failed
n_BKO2_053;2;-8043.446;-8111.64;-8092.258;-8045.624;-8051.29;-8082.448;4;1.815;Not_worth_more_than_a_bare_mention
n_BKO2_053;3;-8068.181;-8072.641;-8149.409;-8046.13;-8058.805;-8096.744;4;1.815;Not_worth_more_than_a_bare_mention
n_BKO2_053;4;-8070.866;-8066.929;-8104.103;-8104.911;-8117.825;-8080.633;4;1.815;Not_worth_more_than_a_bare_mention
n_BKO31_139;2;-8295.642;-8238.763;-8204.288;-8214.181;-8307.333;-8246.231;3;45.680;Strong
n_BKO31_139;3;-8161.906;-8212.133;-8149.633;-8150.976;-8149.245;-8174.557;3;45.680;Strong
n_BKO31_139;4;-8188.086;-8255.184;-8217.441;-8163.63;-8185.849;-8220.237;3;45.680;Strong
n_BKO5_054;2;-8207.502;-8229.813;-8227.585;-8213.388;-8182.325;-8221.633;4;22.708;Strong
n_BKO5_054;3;-8175.027;-8174.981;-8321.527;-8235.794;-8182.835;-8223.845;4;22.708;Strong
n_BKO5_054;4;-8177.465;-8200.802;-8218.509;-8178.275;-8177.257;-8198.925;4;22.708;Strong
n_BKO5_055;3;-8261.663;-8370.155;-8158.298;-8175.67;-8325.099;-8263.372;4;40.919;Strong
n_BKO5_055;4;-8240.702;-8208.318;-8218.338;-8151.895;-8151.403;-8222.453;4;40.919;Strong
n_BLS2_089;1;-8021.934;-8027.857;-8158.147;-8105.923;-8058.925;-8069.313;1;12.148;Positive
n_BLS2_089;2;-8134.127;-8153.688;-8031.323;-8023.326;-8027.131;-8106.379;1;12.148;Positive
n_BLS2_089;3;-8024.822;-8045.085;-8174.475;-8039.371;-8146.833;-8081.461;1;12.148;Positive
n_BLS2_089;4;-8047.75;-8103.467;-8114.281;-8041.53;-8061.045;-8088.499;1;12.148;Positive
n_BLS5_154;3;-8235.35;-8281.497;-8261.334;-8248.174;-8205.041;-8259.394;4;146.514;Strong
n_BLS5_154;4;-8104.917;-8120.925;-8112.797;-8117.512;-8129.37;-8112.880;4;146.514;Strong
n_BLS8_090;1;-999999.99;-999999.99;-999999.99;-999999.99;-999999.99;NA;NA;NA;Failed
n_BLS8_090;2;-999999.99;-999999.99;-999999.99;-999999.99;-999999.99;NA;NA;NA;Failed
n_BLS8_090;3;-999999.99;-999999.99;-999999.99;-999999.99;-999999.99;NA;NA;NA;Failed
n_BLS8_090;4;-999999.99;-999999.99;-999999.99;-999999.99;-999999.99;NA;NA;NA;Failed
n_BNFA2_032;3;-8106.494;-8099.839;-8085.607;-8110.293;-8098.999;-8097.313;3;55.787;Strong
n_BNFA2_032;4;-8235.568;-8091.122;-8132.611;-8076.154;-8116.714;-8153.100;3;55.787;Strong
n_BNFA5_131;3;-8178.834;-8186.811;-8162.943;-8169.829;-8240.557;-8176.196;4;21.455;Strong
n_BNFA5_131;4;-8099.408;-8265.067;-8099.748;-8194.986;-8143.869;-8154.741;4;21.455;Strong
n_BNFA8_033;3;-8295.802;-8302.184;-8253.662;-8330.624;-8093.158;-8283.883;4;162.860;Very_strong
n_BNFA8_033;4;-8169.093;-8071.713;-8122.262;-8078.322;-8080.847;-8121.023;4;162.860;Very_strong
n_BOJ2_050;3;-8148.508;-8164.396;-8114.168;-8172.636;-8227.487;-8142.357;3;53.473;Strong
n_BOJ2_050;4;-8220.69;-8114.662;-8252.14;-8204.211;-8148.729;-8195.831;3;53.473;Strong
n_BOJ5_136;2;-8130.807;-8090.149;-8078.177;-8177.813;-8078.789;-8099.711;2;36.212;Strong
n_BOJ5_136;3;-8172.966;-8103.211;-8134.191;-8131.357;-8073.981;-8136.789;2;36.212;Strong
n_BOJ5_136;4;-8197.602;-8120.224;-8089.944;-8202.801;-8092.635;-8135.923;2;36.212;Strong
n_BOJ8_051;2;-8172.188;-8113.371;-8074.829;-8130.015;-8220.495;-8120.129;4;38.165;Strong
n_BOJ8_051;3;-8155.693;-8221.91;-8077.779;-8116.415;-8110.219;-8151.794;4;38.165;Strong
n_BOJ8_051;4;-8077.421;-8091.269;-8077.204;-8083.949;-8144.944;-8081.965;4;38.165;Strong
n_BOO1_052;2;-8233.362;-8178.056;-8044.873;-8062.507;-8154.555;-8152.097;3;8.269;Positive
n_BOO1_052;3;-8130.378;-8048.588;-8151.738;-8073.7;-8194.753;-8110.235;3;8.269;Positive
n_BOO1_052;4;-8054.416;-8110.533;-8190.561;-8096.1;-8139.28;-8118.503;3;8.269;Positive
n_BRS2_099;3;-8146.249;-8106.129;-8089.406;-8108.902;-8182.698;-8113.928;4;28.383;Strong
n_BRS2_099;4;-8078.955;-8079.182;-8098.499;-8131.286;-8110.338;-8085.545;4;28.383;Strong
n_BRS5_163;2;-8055.406;-8059.186;-8079.275;-8033.224;-8080.612;-8064.622;2;1.617;Not_worth_more_than_a_bare_mention
n_BRS5_163;3;-8055.412;-8108.811;-8034.496;-8059.572;-8046.587;-8066.240;2;1.617;Not_worth_more_than_a_bare_mention
n_BRS5_163;4;-8069.533;-8294.52;-8036.633;-8084.419;-8126.926;-8133.562;2;1.617;Not_worth_more_than_a_bare_mention
n_BRS8_100;2;-8160.053;-8087.584;-8125.583;-8091.438;-8063.252;-8124.407;4;32.648;Strong
n_BRS8_100;3;-8034.203;-8121.527;-8099.95;-8193.328;-8026.021;-8085.227;4;32.648;Strong
n_BRS8_100;4;-8054.362;-8057.379;-8045.996;-8047.815;-8031.55;-8052.579;4;32.648;Strong
n_CHA1_073;3;-8341.67;-8206.574;-8129.94;-8167.795;-8173.427;-8226.061;4;48.510;Strong
n_CHA1_073;4;-8148.904;-8235.952;-8147.797;-8158.527;-8269.502;-8177.551;4;48.510;Strong
n_CHA2_107;2;-8083.828;-8131.7;-8149.756;-8124.073;-8068.649;-8121.761;4;10.035;Positive
n_CHA2_107;3;-8049.586;-8047.578;-8179.098;-8082.923;-8159.723;-8092.087;4;10.035;Positive
n_CHA2_107;4;-8064.415;-8088.611;-8093.132;-8208.806;-8148.39;-8082.053;4;10.035;Positive
n_CHA3_108;2;-8255.072;-8156.091;-8272.156;-8248.557;-8123.249;-8227.773;3;56.749;Strong
n_CHA3_108;3;-8195.148;-8196.923;-8121;-8112.543;-8115.044;-8171.024;3;56.749;Strong
n_CHA3_108;4;-8388.271;-8113.483;-8250.024;-8129.834;-8121.514;-8250.593;3;56.749;Strong
n_CHA4_110;2;-8109.186;-8191.673;-8086.08;-8090.834;-8083.422;-8128.980;2;35.435;Strong
n_CHA4_110;3;-8249.808;-8196.215;-8289.721;-8101.524;-8165.801;-8245.248;2;35.435;Strong
n_CHA4_110;4;-8101.027;-8118.32;-8273.896;-8157.209;-8156.353;-8164.414;2;35.435;Strong
n_CKS2_097;2;-8053.794;-8110.427;-8053.475;-8109.309;-8068.337;-8072.565;2;33.610;Strong
n_CKS2_097;3;-8193.238;-8056.89;-8068.398;-8055.077;-8279.642;-8106.175;2;33.610;Strong
n_CKS2_097;4;-8225.982;-8161.911;-8240.247;-8100.581;-8278.603;-8209.380;2;33.610;Strong
n_CKS5_151;2;-8062.36;-8088.851;-8066.736;-8120.085;-8061.667;-8072.649;2;49.599;Strong
n_CKS5_151;3;-8137.321;-8078.01;-8151.414;-8071.339;-8181.17;-8122.248;2;49.599;Strong
n_CKS5_151;4;-8140.6;-8223.54;-8166.33;-8128.001;-8135.952;-8176.823;2;49.599;Strong
n_CKS7_098;3;-8298.053;-8209.067;-8248.379;-8269.671;-8217.28;-8251.833;3;14.187;Positive
n_CKS7_098;4;-8278.59;-8178.181;-8341.288;-8255.93;-8175.676;-8266.020;3;14.187;Positive
n_CLB2_060;2;-8182.954;-8133.657;-8210.506;-8066.19;-8176.804;-8175.706;3;109.031;Strong
n_CLB2_060;3;-8046.718;-8058.087;-8056.493;-8086.634;-8054.927;-8053.766;3;109.031;Strong
n_CLB2_060;4;-8297.489;-8053.035;-8137.866;-8046.573;-8071.62;-8162.797;3;109.031;Strong
n_CLB5_142;3;-8066.611;-8117.38;-8128.305;-8066.821;-8068.354;-8104.099;3;0.388;Barely_worth_mentioning
n_CLB5_142;4;-8086.414;-8157.492;-8069.554;-8113.176;-8076.377;-8104.487;3;0.388;Barely_worth_mentioning
n_CLB8_061;3;-8158.519;-8160.669;-8141.678;-8119.831;-8168.549;-8153.622;3;39.452;Strong
n_CLB8_061;4;-8188.183;-8274.949;-8116.091;-8152.688;-8117.208;-8193.074;3;39.452;Strong
n_CLS2_095;2;-8088.199;-8077.318;-8056.716;-8049.356;-8018.385;-8074.078;2;19.333;Positive
n_CLS2_095;3;-8198.057;-8033.27;-8071.91;-8091.402;-8132.197;-8101.079;2;19.333;Positive
n_CLS2_095;4;-8090.034;-8165.215;-8024.983;-8036.312;-8029.659;-8093.411;2;19.333;Positive
n_CLS5_096;2;-8246.972;-8230.845;-8039.561;-8170.351;-8049.599;-8172.459;3;37.428;Strong
n_CLS5_096;3;-8074.345;-8083.546;-8055.571;-8185.541;-8274.049;-8071.154;3;37.428;Strong
n_CLS5_096;4;-8114.315;-8129.656;-8081.775;-8056.517;-8061.005;-8108.582;3;37.428;Strong
n_DBS3_007;2;-8128.32;-8265.297;-8159.034;-8126.827;-8147.034;-8184.217;3;0.136;Barely_worth_mentioning
n_DBS3_007;3;-8164.434;-8126.963;-8245.907;-8204.357;-8183.454;-8179.101;3;0.136;Barely_worth_mentioning
n_DBS3_007;4;-8134.099;-8174.713;-8228.9;-8168.482;-8299.952;-8179.237;3;0.136;Barely_worth_mentioning
n_DBS5_164;2;-8089.413;-8047.376;-8057.147;-8101.748;-8062.498;-8064.645;2;9.194;Positive
n_DBS5_164;3;-8056.221;-8124.616;-8066.216;-8046.954;-8044.532;-8082.351;2;9.194;Positive
n_DBS5_164;4;-8056.51;-8110.058;-8054.949;-8058.336;-8098.758;-8073.839;2;9.194;Positive
n_DBS8_008;2;-8084.79;-8075.402;-8051.504;-8051.929;-8091.705;-8070.565;2;46.355;Strong
n_DBS8_008;3;-8210.096;-8100.803;-8116.639;-8128.205;-8049.635;-8142.513;2;46.355;Strong
n_DBS8_008;4;-8190.213;-8050.448;-8110.101;-8118.541;-8124.265;-8116.921;2;46.355;Strong
n_DED5_129;2;-8269.059;-8075.163;-8320.12;-8101.29;-8097.208;-8221.447;3;11.607;Positive
n_DED5_129;3;-8072.122;-8067.773;-8082.515;-8250.712;-8086.464;-8074.137;3;11.607;Positive
n_DED5_129;4;-8069.312;-8083.564;-8104.355;-8073.326;-8155.307;-8085.744;3;11.607;Positive
n_DEU2_025;2;-8353.959;-8135.298;-8198.796;-8204.381;-8240.74;-8229.351;3;25.531;Strong
n_DEU2_025;3;-8082.685;-8111.266;-8178.972;-8188.831;-8261.5;-8124.308;3;25.531;Strong
n_DEU2_025;4;-8225.067;-8082.767;-8141.683;-8120.929;-8192.264;-8149.839;3;25.531;Strong
n_DEU8_026;2;-8104.636;-8091.089;-8095.97;-8251.617;-8059.44;-8097.232;2;0.240;Barely_worth_mentioning
n_DEU8_026;3;-8068.408;-8235.935;-8215.005;-8076.68;-8104.792;-8173.116;2;0.240;Barely_worth_mentioning
n_DEU8_026;4;-8121.982;-8080.766;-8089.667;-8065.739;-8180.059;-8097.472;2;0.240;Barely_worth_mentioning
n_DPK10_038;2;-8355.74;-8143.689;-8106.049;-8071.344;-8134.375;-8201.826;3;82.686;Strong
n_DPK10_038;3;-8124.076;-8069.183;-8065.746;-8193.397;-8104.795;-8086.335;3;82.686;Strong
n_DPK10_038;4;-8100.349;-8160.53;-8246.184;-8068.079;-8069.111;-8169.021;3;82.686;Strong
n_DPK1_037;3;-8277.067;-8261.508;-8245.999;-8265.323;-8233.98;-8261.525;4;51.162;Strong
n_DPK1_037;4;-8136.826;-8208.385;-8285.878;-8293.933;-8219.619;-8210.363;4;51.162;Strong
n_DPK5_133;3;-8224.413;-8245.16;-8159.611;-8163.866;-8221.514;-8209.728;3;19.390;Positive
n_DPK5_133;4;-8161.493;-8329.973;-8195.887;-8457.199;-8209.141;-8229.118;3;19.390;Positive
n_DSO1_113;2;-8133.87;-8156.729;-8116.663;-8128.723;-8118.463;-8135.754;2;23.879;Strong
n_DSO1_113;3;-8263.815;-8137.71;-8191.154;-8139.759;-8163.922;-8197.560;2;23.879;Strong
n_DSO1_113;4;-8112.591;-8205.035;-8161.273;-8169.042;-8202.997;-8159.633;2;23.879;Strong
n_FRS2_087;3;-8263.249;-8175.602;-8062.552;-8232.319;-8381.2;-8167.134;4;16.905;Positive
n_FRS2_087;4;-8079.33;-8149.721;-8221.638;-8067.82;-8088.042;-8150.230;4;16.905;Positive
n_FRS5_161;3;-8181.177;-8093.758;-8103.42;-8274.393;-8315.265;-8126.118;3;45.765;Strong
n_FRS5_161;4;-8107.343;-8212.416;-8195.892;-8095.949;-8167.335;-8171.884;3;45.765;Strong
n_FRS8_088;2;-8178.012;-8091.617;-8132.567;-8082.719;-8040.093;-8134.065;4;31.421;Strong
n_FRS8_088;3;-8045.827;-8061.104;-8113.351;-8220.262;-8138.477;-8073.427;4;31.421;Strong
n_FRS8_088;4;-8036.73;-8039.953;-8049.336;-8038.327;-8056.935;-8042.006;4;31.421;Strong
n_HPSK1_174;4;-8168.817;-8378.527;-8143.639;-8192.533;-8120.047;-8230.328;4;NA;Cannot_compare
n_HPSK2_175;3;-8430.473;-8297.318;-8120.506;-8227.913;-8215.242;-8282.766;4;71.837;Strong
n_HPSK2_175;4;-8259.228;-8121.586;-8251.972;-8121.862;-8128.863;-8210.929;4;71.837;Strong
n_JIZ2_018;3;-8106.578;-8055.72;-8085.776;-8075.359;-8115.569;-8082.691;3;1.079;Not_worth_more_than_a_bare_mention
n_JIZ2_018;4;-8059.119;-8128.759;-8063.434;-8056.916;-8100.526;-8083.771;3;1.079;Not_worth_more_than_a_bare_mention
n_JIZ5_160;2;-8264.782;-8045.387;-8092.819;-8075.555;-8028.365;-8134.329;4;1.169;Not_worth_more_than_a_bare_mention
n_JIZ5_160;3;-8050.974;-8364.063;-8233.75;-8150.592;-8058.555;-8216.262;4;1.169;Not_worth_more_than_a_bare_mention
n_JIZ5_160;4;-8222.512;-8100.778;-8076.19;-8127.249;-8051.805;-8133.160;4;1.169;Not_worth_more_than_a_bare_mention
n_JIZ7_019;3;-8196.595;-8179.909;-8211.725;-8184.438;-8188.236;-8196.076;3;55.351;Strong
n_JIZ7_019;4;-8246.64;-8332.408;-8175.234;-8184.334;-8174.589;-8251.427;3;55.351;Strong
n_KKS2_103;2;-8097.087;-8095.277;-8207.038;-8159.35;-8078.697;-8133.134;4;6.153;Positive
n_KKS2_103;3;-8103.783;-8124.759;-8168.223;-8400.285;-8079.067;-8132.255;4;6.153;Positive
n_KKS2_103;4;-8085.917;-8082.002;-8210.387;-8228.007;-8126.792;-8126.102;4;6.153;Positive
n_KKS5_167;2;-8108.341;-8126.582;-8206.638;-8075.05;-8138.04;-8147.187;4;57.767;Strong
n_KKS5_167;3;-8221.859;-8072.323;-8124.636;-8073.027;-8120.01;-8139.606;4;57.767;Strong
n_KKS5_167;4;-8072.036;-8101.747;-8071.734;-8110.915;-8161.587;-8081.839;4;57.767;Strong
n_KKS8_104;2;-8107.572;-8161.703;-8073.265;-8091.563;-8089.234;-8114.180;4;20.363;Strong
n_KKS8_104;3;-8285.383;-8200.431;-8380.907;-8071.133;-8096.347;-8288.907;4;20.363;Strong
n_KKS8_104;4;-8088.853;-8085.751;-8106.847;-8073.084;-8248.396;-8093.817;4;20.363;Strong
n_KPJ1_043;2;-8303.692;-8189.049;-8189.108;-8223.059;-8190.907;-8227.283;4;63.086;Strong
n_KPJ1_043;3;-8091.68;-8219.836;-8099.637;-8156.666;-8107.446;-8137.051;4;63.086;Strong
n_KPJ1_043;4;-8085.779;-8075.883;-8060.233;-8058.619;-8244.276;-8073.965;4;63.086;Strong
n_KPS2_091;2;-8143.706;-8082.72;-8141.418;-8082.548;-8157.824;-8122.615;3;3.898;Positive
n_KPS2_091;3;-8098.939;-8185.525;-8071.686;-8143.943;-8116.118;-8118.717;3;3.898;Positive
n_KPS2_091;4;-8170.911;-8151.37;-8250.901;-8236.139;-8076.901;-8191.061;3;3.898;Positive
n_KPS5_158;2;-8111.8;-8165.303;-8207.224;-8068.246;-8062.452;-8161.442;4;16.273;Positive
n_KPS5_158;3;-8100.619;-8067.14;-8079.21;-8070.037;-8138.45;-8082.323;4;16.273;Positive
n_KPS5_158;4;-8062.379;-8067.527;-8068.244;-8166.109;-8173.627;-8066.050;4;16.273;Positive
n_KPS8_092;2;-8076.173;-8056.747;-8056.484;-8070.229;-8105.641;-8063.135;2;2.696;Not_worth_more_than_a_bare_mention
n_KPS8_092;3;-8089.764;-8118.088;-8289.662;-8097.2;-8076.401;-8165.838;2;2.696;Not_worth_more_than_a_bare_mention
n_KPS8_092;4;-8063.134;-8058.217;-8076.142;-8099.917;-8112.611;-8065.831;2;2.696;Not_worth_more_than_a_bare_mention
n_KVIS2_001;2;-8039.071;-8054.312;-8089.396;-8071.153;-8224.915;-8060.926;2;50.518;Strong
n_KVIS2_001;3;-8073.038;-8042.632;-8218.664;-8173.928;-8039.988;-8111.445;2;50.518;Strong
n_KVIS2_001;4;-8213.47;-8091.126;-8138.502;-8285.624;-8043.744;-8147.699;2;50.518;Strong
n_KVIS8_002;3;-8134.9;-8131.654;-8135.333;-8273.025;-8165.255;-8133.962;3;128.787;Strong
n_KVIS8_002;4;-8273.025;-8381.729;-8133.493;-8238.817;-8133.969;-8262.749;3;128.787;Strong
n_KVS5_155;3;-8137.759;-8179.233;-8137.89;-8190.54;-8132.497;-8151.627;4;2.574;Not_worth_more_than_a_bare_mention
n_KVS5_155;4;-8177.312;-8131.935;-8137.913;-8126.056;-8144.135;-8149.053;4;2.574;Not_worth_more_than_a_bare_mention
n_LBK10_042;2;-8173.342;-8117.81;-8239.199;-8149.967;-8165.162;-8176.784;4;18.504;Positive
n_LBK10_042;3;-8127.759;-8226.845;-8170.605;-8186.505;-8248.886;-8175.070;4;18.504;Positive
n_LBK10_042;4;-8230.59;-8119.254;-8119.852;-8229.64;-8243.489;-8156.565;4;18.504;Positive
n_LBK1_041;3;-8123.422;-8253.514;-8187.042;-8123.166;-8123.441;-8187.993;3;7.806;Positive
n_LBK1_041;4;-8199.949;-8128.717;-8258.731;-8231.988;-8217.624;-8195.799;3;7.806;Positive
n_LBK5_159;3;-8394.746;-8179.313;-8168.649;-8212.092;-8272.769;-8247.569;3;62.538;Strong
n_LBK5_159;4;-8385.143;-8303;-8242.178;-8256.789;-8227.495;-8310.107;3;62.538;Strong
n_LNSA2_034;2;-8046.297;-8026.404;-8027.478;-8026.587;-8038.185;-8033.393;2;30.274;Strong
n_LNSA2_034;3;-8082.646;-8027.579;-8093.48;-8159.536;-8064.27;-8067.902;2;30.274;Strong
n_LNSA2_034;4;-8047.581;-8114.654;-8028.766;-8090.967;-8084.453;-8063.667;2;30.274;Strong
n_LNSA5_132;3;-8310.281;-8112.957;-8267.21;-8121.967;-8124.552;-8230.149;4;42.948;Strong
n_LNSA5_132;4;-8227.598;-8161.13;-8172.876;-8164.477;-8165.039;-8187.201;4;42.948;Strong
n_LNSA8_035;3;-8274.406;-8128.151;-8089.799;-8187.192;-8087.64;-8164.119;3;23.577;Strong
n_LNSA8_035;4;-8257.036;-8076.366;-8229.684;-8102.701;-8184.101;-8187.695;3;23.577;Strong
n_LSA5_130;2;-8101.92;-8158.43;-8099.635;-8061.896;-8286.154;-8119.995;4;32.647;Strong
n_LSA5_130;3;-8120.039;-8137.205;-8097.395;-8071.558;-8132.888;-8118.213;4;32.647;Strong
n_LSA5_130;4;-8100.934;-8066.896;-8088.868;-8254.273;-8121.879;-8085.566;4;32.647;Strong
n_LSRA2_027;3;-8113.931;-8155.245;-8221.707;-8125.166;-8366.214;-8163.628;4;17.076;Positive
n_LSRA2_027;4;-8149.601;-8165.326;-8124.727;-8115.768;-8311.599;-8146.551;4;17.076;Positive
n_LSRA8_028;2;-8122.809;-8115.516;-8118.447;-8150.977;-8165.871;-8118.924;2;20.997;Strong
n_LSRA8_028;3;-8111.126;-8197.315;-8111.321;-8169.857;-8110.309;-8139.921;2;20.997;Strong
n_LSRA8_028;4;-8144.295;-8319.147;-8114.349;-8376.276;-8111.958;-8192.597;2;20.997;Strong
n_LZS1_116;3;-8249.377;-8126.243;-8156.457;-8120.23;-8120.599;-8177.359;3;17.476;Positive
n_LZS1_116;4;-8131.921;-8193.149;-8259.435;-8144.622;-8200.81;-8194.835;3;17.476;Positive
n_LZS4_152;2;-8091.461;-8079.091;-8048.609;-8106.8;-8049.06;-8073.054;2;12.916;Positive
n_LZS4_152;3;-8095.584;-8152.893;-8046.174;-8042.4;-8044.339;-8098.217;2;12.916;Positive
n_LZS4_152;4;-8057.345;-8104.687;-8095.877;-8082.733;-8076.082;-8085.970;2;12.916;Positive
n_LZS8_117;2;-8103.978;-8047.12;-8255.569;-8035.942;-8075.601;-8135.556;3;2.752;Not_worth_more_than_a_bare_mention
n_LZS8_117;3;-8062.449;-8102.632;-8051.169;-8038.913;-8128.343;-8072.083;3;2.752;Not_worth_more_than_a_bare_mention
n_LZS8_117;4;-8061.014;-8113.007;-8050.484;-8219.535;-8094.165;-8074.835;3;2.752;Not_worth_more_than_a_bare_mention
n_MDS2_003;2;-8040.477;-8097.421;-8066.849;-8099.015;-8068.55;-8068.249;2;49.813;Strong
n_MDS2_003;3;-8051.44;-8140.176;-8162.569;-8055.163;-8075.69;-8118.062;2;49.813;Strong
n_MDS2_003;4;-8051.975;-8132.962;-8230.369;-8057.529;-8076.559;-8138.435;2;49.813;Strong
n_MDS5_156;2;-8104.532;-8107.904;-8145.043;-8112.017;-8129.764;-8119.160;2;41.183;Strong
n_MDS5_156;3;-8171.564;-8333.155;-8217.586;-8280.388;-8121.432;-8240.768;2;41.183;Strong
n_MDS5_156;4;-8187.099;-8196.578;-8097.351;-8105.486;-8098.827;-8160.343;2;41.183;Strong
n_MDS8_004;2;-8079.098;-8055.439;-8048.961;-8075.689;-8078.037;-8061.166;2;38.157;Strong
n_MDS8_004;3;-8145.739;-8058.256;-8093.975;-8053.693;-8303.704;-8099.323;2;38.157;Strong
n_MDS8_004;4;-8162.342;-8047.835;-8188.904;-8050.371;-8048.306;-8133.027;2;38.157;Strong
n_MFSK1_022;3;-8087.857;-8217.132;-999999.99;-8099.507;-8197.425;-8152.494;3;NA;Cannot_compare
n_MJS1_149;1;-8241.305;-8237.334;-8290.743;-999999.99;-999999.99;-8256.461;3;35.206;Strong
n_MJS1_149;3;-8124.038;-8082.651;-8120.053;-8103.884;-8048.397;-8108.914;3;35.206;Strong
n_MJS1_149;4;-8057.7;-8187.074;-8187.586;-8099.163;-8100.148;-8144.120;3;35.206;Strong
n_MJS2_081;3;-8099.738;-8067.778;-8112.702;-999999.99;-999999.99;-8093.406;4;14.629;Positive
n_MJS2_081;4;-8085.934;-8096.522;-8053.876;-8050.414;-999999.99;-8078.777;4;14.629;Positive
n_MKJ10_046;2;-8143.327;-8042.399;-8044.937;-8042.604;-999999.99;-8076.888;2;NA;Cannot_compare
n_MKJ1_044;2;-8044.241;-8253.56;-8127.28;-8115.797;-8183.96;-8141.694;4;85.024;Strong
n_MKJ1_044;3;-8156.653;-8216.517;-8071.006;-8092.498;-8162.624;-8148.059;4;85.024;Strong
n_MKJ1_044;4;-8049.055;-8066.429;-8054.524;-8053.875;-8202.758;-8056.669;4;85.024;Strong
n_MKJ5_045;2;-8036.891;-8039.693;-8065.857;-8068.031;-999999.99;-8047.480;2;3.664;Positive
n_MKJ5_045;3;-8047.232;-8090.054;-8079.51;-8127.751;-8126.514;-8072.265;2;3.664;Positive
n_MKJ5_045;4;-8057.34;-8044.949;-999999.99;-999999.99;-999999.99;-8051.145;2;3.664;Positive
n_PPSK4_177;1;-8280.464;-8206.811;-8133.565;-8155.546;-8130.763;-8206.947;3;17.927;Positive
n_PPSK4_177;2;-8172.307;-8134.447;-8114.684;-8035.674;-8036.585;-8140.479;3;17.927;Positive
n_PPSK4_177;3;-8084.27;-8030.87;-8030.815;-8065.912;-8079.543;-8048.652;3;17.927;Positive
n_PPSK4_177;4;-8047.545;Error:Couldnotfindfile"output/stepping_stone_n_PPSK4_177_4.out";-8085.612;-8122.194;-8041.351;-8066.578;3;17.927;Positive
n_RIS2_009;2;0;0;0;-999999.99;0;0.000;2;0.000;Barely_worth_mentioning
n_RIS2_009;3;0;-999999.99;-999999.99;-999999.99;-999999.99;0.000;2;0.000;Barely_worth_mentioning
var_VLS8_017;2;0;-999999.99;-999999.99;0;-999999.99;0.000;2;NA;Cannot_compare
