sample;ploidy;run1;run2;run3;run4;run5
c_MDKH8_075;1;-999999.99;-999999.99;-999999.99;-999999.99;-999999.99
c_MDKH8_075;2;-999999.99;-999999.99;-999999.99;-999999.99;-999999.99
c_MDKH8_075;3;-999999.99;-999999.99;-999999.99;-999999.99;-999999.99
c_MDKH8_075_90;1;-999999.99;-999999.99;-999999.99;-999999.99;-999999.99
c_MDKH8_075_90;2;-999999.99;-999999.99;-999999.99;-999999.99;-999999.99
c_MDKH8_075_90;3;-999999.99;-999999.99;-999999.99;-999999.99;-999999.99
c_RHSK1_182;3;-999999.99;-999999.99;-999999.99;-999999.99;-999999.99
c_RHSK1_182_90;2;-999999.99;-999999.99;-999999.99;-999999.99;-999999.99
c_RHSK1_182_90;3;-999999.99;-999999.99;-999999.99;-999999.99;-999999.99
