sample;ploidy;run1;run2;run3;run4;run5;run6;run7;run8;run9;run10;average;recommended_ploidy;bayes_factor_between_1stand2nd;evidence
n_BDZKH5_128_10;3;-8087.949;-8088.187;-8087.923;-8088.08;-8088.293;-8087.867;-8088.206;-8088.004;-8088.239;-8088.033;-8088.020;3;0.733;Barely_worth_mentioning
n_BDZKH5_128_10;4;-8088.826;-8088.646;-8088.785;-8088.534;-8088.78;-8088.639;-8088.605;-8088.455;-8088.534;-8088.934;-8088.752;3;0.733;Barely_worth_mentioning
n_BDZKH5_128;3;-8088.055;-8088.114;-8088.118;-8087.989;0;-8087.834;-8088.206;-8088.026;-8088.043;-8088.221;-8088.096;3;0.450;Barely_worth_mentioning
n_BDZKH5_128;4;-8088.66;-8088.684;-8088.293;-999999.99;-999999.99;-999999.99;-999999.99;-999999.99;-8088.566;-8088.703;-8088.546;3;0.450;Barely_worth_mentioning
n_BDZKH8_024_10;4;-8079.521;-8079.415;-8079.01;-8079.266;-8079.101;Error:;-8079.671;-8079.109;0;Error:;-8079.315;4;NA;Cannot_compare
n_BDZKH8_024;2;-8077.768;-8077.57;-8077.364;-8077.418;-8077.699;-8077.6;-8077.629;-8077.62;-8077.63;-8077.695;-8077.567;3;4038.139;Very_strong
n_BDZKH8_024;3;0;-999999.99;-8078.857;-8078.479;-8078.356;-8078.88;-8078.644;-999999.99;-999999.99;-999999.99;-4039.428;3;4038.139;Very_strong
n_BDZKH8_024;4;-8079.599;-8079.345;-8078.956;-8079.453;-8079.257;-8079.578;-8079.207;-8079.414;-8079.236;-8079.321;-8079.300;3;4038.139;Very_strong
n_BKO2_053_10;2;-8047.978;-8047.814;-8048;-8048.307;-8047.634;-8047.929;-8047.902;-8048.013;-8048.052;-8047.45;-8047.931;2;0.379;Barely_worth_mentioning
n_BKO2_053_10;3;-8048.31;-999999.99;-999999.99;-999999.99;-8048.222;-8048.534;-8048.688;-8048.535;-8048.554;Error:;-8048.310;2;0.379;Barely_worth_mentioning
n_BKO2_053;2;-8047.716;-8048.272;-8047.673;-8048.023;-8047.795;-8047.762;-8047.906;-8048.042;-8047.919;-8047.841;-8047.887;2;NA;Cannot_compare
n_BKO31_139_10;2;-8153.936;-8154.046;-999999.99;-999999.99;-8154.093;-8154.05;-8154.156;-8153.911;-8154.504;-8153.898;-8153.991;3;0.460;Barely_worth_mentioning
n_BKO31_139_10;3;-8153.687;-8153.304;-8153.602;-8153.65;-999999.99;0;-8153.408;-8153.348;-8153.58;-999999.99;-8153.531;3;0.460;Barely_worth_mentioning
n_BKO31_139;2;-8153.837;-8153.951;-8154.259;-8153.588;0;-999999.99;Error:;-999999.99;-999999.99;-999999.99;-8154.016;2;NA;Cannot_compare
n_BKO5_054_10;2;-8178.518;-8178.272;-8178.657;-8179.007;-8178.53;-999999.99;-999999.99;-999999.99;-999999.99;Error:;-8178.482;2;NA;Cannot_compare
n_BKO5_054;2;-8178.649;-8178.458;0;-8178.732;-8178.722;-8178.814;-8178.346;-999999.99;-999999.99;-999999.99;-5452.369;2;2726.632;Very_strong
n_BKO5_054;3;Error:;-8179.001;Error:;Error:;-8179.057;-8178.863;-999999.99;-999999.99;-999999.99;-999999.99;-8179.001;2;2726.632;Very_strong
n_BOJ8_051_10;2;-8079.01;-8079.13;-8079.229;-8079.179;-8079.265;0;-999999.99;-8079.234;-8079.48;-8079.19;-8079.123;2;0.174;Barely_worth_mentioning
n_BOJ8_051_10;3;-8079.398;-8079.36;-8079.134;-8079.792;-8079.266;-8079.091;-8079.25;-8079.133;-8079.435;-8078.96;-8079.297;2;0.174;Barely_worth_mentioning
n_BOJ8_051;3;-8079.022;-8079.202;-8079.49;-8079.525;-8079.369;-8079.227;-8079.514;-8079.12;-8079.306;-8079.369;-8079.238;3;NA;Cannot_compare
n_BRS2_099_10;3;Error:;-8081.426;-8080.94;-8081.229;-8081.121;-8081.213;-8081.464;-8081.235;-8081.004;-8081.45;-8081.183;3;0.677;Barely_worth_mentioning
n_BRS2_099_10;4;-8081.976;-8081.664;-8081.94;-8081.853;-8081.92;-8082.247;-8082.038;-8081.716;-8081.918;-8081.777;-8081.860;3;0.677;Barely_worth_mentioning
n_BRS2_099;3;-8081.348;-8081.274;-8081.504;-999999.99;-999999.99;-999999.99;-999999.99;Error:;-8081.142;-8081.345;-8081.375;3;NA;Cannot_compare
n_BRS2_099;4;-999999.99;-999999.99;-999999.99;-999999.99;-999999.99;-999999.99;-999999.99;-999999.99;-999999.99;-999999.99;NA;3;NA;Cannot_compare
n_BRS5_163_10;2;-8036.876;-8036.782;-8037.075;-8036.656;-8036.981;-8037.064;-999999.99;-999999.99;-999999.99;-999999.99;-8036.911;2;0.350;Barely_worth_mentioning
n_BRS5_163_10;3;-8037.162;-8037.352;-8037.268;-8037.1;-8036.983;-8037.288;-8037.753;-8037.448;-8037.055;-8037.303;-8037.261;2;0.350;Barely_worth_mentioning
n_BRS5_163;3;-8037.385;-8037.431;-8037.276;-8037.089;-8037.113;-8037.476;-8037.184;-8037.192;-8037.322;-8037.102;-8037.364;3;NA;Cannot_compare
n_CLB5_142_10;3;-8067.425;-8067.332;-8067.308;0;-999999.99;-8067.164;-8067.306;-8067.15;-8067.154;-8067.227;-8067.355;3;NA;Cannot_compare
n_CLB5_142_10;4;Error:;-999999.99;-999999.99;-8067.911;-8068.374;-8067.838;-8067.643;-8067.504;-8067.81;-8067.564;NA;3;NA;Cannot_compare
n_CLB5_142;4;-8067.673;-999999.99;-8067.586;-8067.943;-8067.662;-999999.99;-999999.99;-999999.99;-999999.99;-999999.99;-8067.630;4;NA;Cannot_compare
n_DBS3_007;2;-8129.489;-8129.503;-8129.558;-8129.333;Error:;-8129.136;-8129.42;-8129.298;-8129.362;-8129.458;-8129.517;2;0.926;Barely_worth_mentioning
n_DBS3_007;3;Error:;-999999.99;-999999.99;-8130.041;-8130.134;-8130.236;-8130.046;-8129.933;-8129.788;-8130.005;NA;2;0.926;Barely_worth_mentioning
n_DBS3_007;4;-8130.441;-8130.323;-8130.564;-999999.99;-999999.99;-999999.99;-999999.99;-8130.13;-8130.27;-8129.931;-8130.443;2;0.926;Barely_worth_mentioning
